request_id,requester_received_pizza
t3_i8iy4,True
t3_1mfqi0,True
t3_lclka,False
t3_1jdgdj,False
t3_t2qt4,False
t3_pvojb,False
t3_142n4c,False
t3_17rja6,False
t3_1lg6u2,False
t3_1b0mtx,True
t3_mmivq,True
t3_11ux2a,False
t3_klige,True
t3_1iv3cj,False
t3_13dh0w,True
t3_li326,False
t3_xww8y,False
t3_kogen,False
t3_ik8w1,True
t3_j3nnl,False
t3_j6xvd,True
t3_1lsrj5,False
t3_idld7,True
t3_y6amf,True
t3_hl0ft,True
t3_jg6yk,False
t3_1k5ss6,False
t3_u6i4z,True
t3_ltuhq,False
t3_1m2om7,False
t3_hgdtf,True
t3_w89lu,True
t3_ifk6u,True
t3_18c4e9,True
t3_133rk6,False
t3_icpa2,False
t3_tllxh,True
t3_ibvic,False
t3_153cst,False
t3_115vox,True
t3_n318c,False
t3_ojy6r,True
t3_wziql,True
t3_jiwx8,False
t3_ibsyq,False
t3_v07fz,True
t3_us9ho,True
t3_1l120o,False
t3_1avwr4,False
t3_11pdxt,False
t3_1eg6hz,False
t3_nfom9,True
t3_qaf9d,True
t3_15dl3p,False
t3_1ietp9,True
t3_if8os,True
t3_irugk,True
t3_i5liz,True
t3_1indge,False
t3_1j6smi,False
t3_1lxyig,False
t3_hecc7,True
t3_14tiyz,False
t3_k1z07,True
t3_10wwjr,False
t3_lvs72,False
t3_18u12f,False
t3_yftil,False
t3_i20wz,False
t3_zs6gr,False
t3_17rugq,False
t3_10cmhw,False
t3_1jgj8g,False
t3_16q2jp,True
t3_1hbpnz,False
t3_1737ki,True
t3_pfl37,True
t3_qg1wv,True
t3_wcupv,False
t3_14gsx5,False
t3_xzsu3,False
t3_1lnsb4,True
t3_iympu,False
t3_k9o6g,True
t3_1ktbje,False
t3_zuow2,False
t3_16tazw,False
t3_pvl3a,False
t3_11a45a,True
t3_187gk8,False
t3_jrtbz,True
t3_lagsc,False
t3_rt9rt,True
t3_15qz4q,False
t3_hz1m5,True
t3_119agf,False
t3_k70hk,True
t3_i2xbl,True
t3_10gk0h,False
t3_1mwaf9,False
t3_uwwyl,False
t3_10ca6l,False
t3_1h4mik,False
t3_i0qp5,True
t3_krx89,True
t3_ibtwa,True
t3_11tb71,False
t3_sfrhj,False
t3_jncp2,True
t3_t7qee,False
t3_zxawy,True
t3_id14p,False
t3_1by9im,False
t3_hwxwd,True
t3_jmo2j,False
t3_wc93i,False
t3_qzu7s,False
t3_xn9n8,False
t3_10vrop,False
t3_1crhe7,False
t3_sz4rm,False
t3_micek,True
t3_nbkbt,False
t3_13jofn,False
t3_1fwjjw,True
t3_q2spw,False
t3_v8f7b,True
t3_1cnqfg,True
t3_xn0no,False
t3_ki6jk,False
t3_mbcj7,True
t3_j65lu,True
t3_jm9ld,True
t3_tfo4q,True
t3_1160fi,False
t3_yg7bf,False
t3_naauc,True
t3_14tdkv,True
t3_ozrs5,False
t3_mywtr,False
t3_14bzcp,True
t3_1hwd6l,False
t3_10wbvp,False
t3_1bn2ov,False
t3_14talm,False
t3_13seyz,False
t3_jnywu,True
t3_tdww7,False
t3_vn1l9,False
t3_zhzk6,True
t3_1fyoex,False
t3_11t3kg,False
t3_tubzr,False
t3_1gstqn,False
t3_1euaic,False
t3_ynaia,True
t3_1mwhh9,False
t3_m1y90,False
t3_1je8f1,True
t3_rx4zo,True
t3_1f8kvl,True
t3_1is6ya,False
t3_iai8b,True
t3_1fnw48,False
t3_vmwzf,False
t3_jg8jk,False
t3_12hejm,True
t3_1krjs4,False
t3_k4utv,True
t3_xbitu,False
t3_13y8zq,False
t3_q60gf,True
t3_jb9gi,False
t3_t22lo,True
t3_vptrf,False
t3_1cexg7,True
t3_yuxak,False
t3_kdstl,False
t3_1gy3zk,False
t3_1cn4fz,False
t3_1o5psw,True
t3_1fi04r,False
t3_ovnya,False
t3_puk2v,False
t3_1mwqc3,False
t3_hueth,True
t3_1muyje,True
t3_l5kka,False
t3_1cmihx,False
t3_10j1np,False
t3_sydf2,True
t3_1fcf2h,False
t3_m2id2,False
t3_m0vt8,True
t3_14t7j9,False
t3_1b0jci,False
t3_zsa2t,True
t3_xd60b,False
t3_htzo7,True
t3_1hl0jw,False
t3_19lq75,False
t3_1bp2u8,False
t3_jdxtx,False
t3_j68ur,False
t3_10fo7v,True
t3_18cqfw,True
t3_1bp1we,False
t3_hzzgp,True
t3_jrzko,False
t3_ieglz,True
t3_113kuj,True
t3_ledoj,False
t3_iy36f,True
t3_113qym,True
t3_zha1q,False
t3_16xsqk,False
t3_tq5qq,False
t3_y2qle,False
t3_jafft,False
t3_s6iox,True
t3_vhs8y,False
t3_kyw1u,False
t3_12839n,False
t3_jsaom,True
t3_qmp3p,False
t3_ny3zk,True
t3_lkmwg,False
t3_uhmf8,False
t3_hyr3z,True
t3_pvs82,True
t3_htfi5,True
t3_ltyr4,True
t3_x285o,True
t3_j2fxf,True
t3_lt6l5,False
t3_mlwsc,False
t3_kwlpi,True
t3_susbr,False
t3_13ww4i,False
t3_rs4rl,False
t3_12l3sq,False
t3_1e7zhc,False
t3_14ssun,False
t3_pbh5x,False
t3_1iemsj,False
t3_qdn9m,False
t3_ienvf,False
t3_1ckh9t,True
t3_hwzc2,True
t3_p3lkq,True
t3_icr1j,True
t3_1ipgcx,False
t3_iqw0f,True
t3_1fbfeg,True
t3_j7us6,False
t3_iwany,False
t3_mdhq5,True
t3_wag1s,False
t3_1kvwpq,False
t3_plp25,False
t3_k3qyc,True
t3_12txtd,False
t3_irj2c,False
t3_qnrv7,True
t3_m7bdd,False
t3_10qngl,False
t3_10d4a8,False
t3_w160y,False
t3_lp1ux,False
t3_1i6bna,True
t3_1g74wk,False
t3_18pv4q,False
t3_1epv0f,True
t3_1mvb6s,False
t3_17z37c,False
t3_m6np7,False
t3_11tiox,False
t3_jf55a,False
t3_l3g0s,False
t3_19p6mc,False
t3_xeedv,False
t3_slq9i,False
t3_jirtz,True
t3_tblcz,False
t3_qqud3,True
t3_r06po,False
t3_1l2a9r,False
t3_iefba,True
t3_kbc4h,False
t3_mc7hx,False
t3_1cyxp5,True
t3_1lmc4f,True
t3_wo6p3,True
t3_ojtem,True
t3_k3yrb,False
t3_i8xhn,True
t3_w6xdm,True
t3_1mxpun,False
t3_1lx6vd,True
t3_j8hka,False
t3_xawwv,False
t3_1l19vv,False
t3_j4vbo,False
t3_1ikc0d,False
t3_m6rdr,False
t3_19xxso,True
t3_jt1ti,True
t3_1abab2,False
t3_17rl0y,False
t3_jdfhh,False
t3_1atk3v,False
t3_tglzi,False
t3_1iv6uf,False
t3_p85iu,True
t3_x9v8i,False
t3_mwclc,True
t3_1432t6,True
t3_1732xx,False
t3_uaqw7,False
t3_jwam4,True
t3_143pb1,True
t3_ixmw3,True
t3_roye7,True
t3_1l1b96,False
t3_1lfxmx,False
t3_sm0fi,False
t3_x6xfz,True
t3_1akj1c,False
t3_jzcyp,False
t3_o1gb7,False
t3_1dapt6,False
t3_1a1wmz,True
t3_17apty,False
t3_13fi4r,False
t3_1ly2ne,False
t3_1mvmz3,False
t3_10uh4n,True
t3_1m4s8q,False
t3_wd1bd,False
t3_ifih0,False
t3_1hbxzi,False
t3_qs09d,True
t3_mjf5t,True
t3_12p4qj,True
t3_soea1,True
t3_jly5g,False
t3_1lcmkx,False
t3_1jo0bx,False
t3_1ltp6r,False
t3_181l4t,True
t3_ipzg4,False
t3_js0ju,True
t3_1gveed,False
t3_tozvc,False
t3_1kilzb,False
t3_185vvk,False
t3_m47yc,True
t3_1mg7m1,False
t3_1mdya5,False
t3_19ctqj,False
t3_1mim72,False
t3_iymko,True
t3_opkmm,True
t3_y466n,True
t3_jx9tr,False
t3_10zoec,False
t3_u08u0,False
t3_19ob9z,False
t3_jzkd1,False
t3_q73oq,False
t3_y5vj7,False
t3_y8w7b,False
t3_kxjsp,False
t3_1ivwvt,False
t3_x768a,False
t3_1iv28l,False
t3_1l27b3,False
t3_q1xxo,False
t3_jb6na,True
t3_163bzy,True
t3_qsejn,True
t3_1nbrku,True
t3_1ej7wt,False
t3_zh75s,False
t3_lstm9,False
t3_1j5z7e,False
t3_1574sv,False
t3_wkdxa,False
t3_pl5aj,False
t3_qap6u,False
t3_1gvnj8,False
t3_js9gy,False
t3_is8cd,False
t3_lbl8w,False
t3_uozbx,False
t3_1lxntp,False
t3_11n72r,False
t3_1iez8q,False
t3_ozu7k,True
t3_owy0m,False
t3_1md6b9,True
t3_1ex028,False
t3_1dg2bk,False
t3_hzt8o,True
t3_131n6r,False
t3_1jxgvf,False
t3_jmdya,False
t3_mg1zt,False
t3_j0cz0,True
t3_k1gsx,True
t3_1dmups,False
t3_x959y,False
t3_nnbds,True
t3_13trxv,False
t3_1awfml,False
t3_lyy5x,True
t3_1iwegx,True
t3_193frj,False
t3_1iudup,False
t3_1fwbdg,False
t3_16xtvk,False
t3_1ipepz,False
t3_mhcm8,False
t3_1gq3gs,True
t3_vghwo,False
t3_keseq,False
t3_16z08l,False
t3_mas62,False
t3_1isgm3,False
t3_puwjr,False
t3_liudo,False
t3_jxh9m,True
t3_11yzo2,True
t3_1btj3q,True
t3_lfma1,True
t3_pbyjt,False
t3_1jo4f6,False
t3_yejtx,False
t3_193zoz,False
t3_16w2nh,False
t3_jhmef,False
t3_tlbjk,False
t3_s80om,True
t3_kwrjo,False
t3_1cw1ms,True
t3_uj99i,True
t3_1apdwu,False
t3_iborf,True
t3_12kfy9,False
t3_126tep,False
t3_ji3ca,True
t3_lqnpz,True
t3_ibvn8,False
t3_i50i4,True
t3_lushm,False
t3_iffit,False
t3_12nmdv,False
t3_1lrh6u,False
t3_qvbzt,True
t3_1iez5w,False
t3_ql5gi,False
t3_1msxkn,False
t3_jf2fg,True
t3_1g4lyw,False
t3_1k910y,True
t3_x3cmt,False
t3_x9etl,True
t3_klaa6,True
t3_yht6g,False
t3_y2ljd,False
t3_ialy9,True
t3_naq48,False
t3_107ru4,False
t3_1ihfkx,False
t3_1ll049,False
t3_12nmjl,False
t3_1mit7t,False
t3_1n84jc,False
t3_1boflh,False
t3_121toe,False
t3_umaqa,False
t3_i4ck0,False
t3_193zo3,False
t3_1jggdv,False
t3_lencv,True
t3_1ahfft,False
t3_vpa6p,False
t3_k1yom,True
t3_k4nfr,False
t3_iptt8,False
t3_1n5n9z,False
t3_sss6w,True
t3_jb038,True
t3_v8beo,False
t3_i9qjc,False
t3_uoywy,False
t3_15gf4h,False
t3_z7i98,False
t3_kibv8,False
t3_lope8,False
t3_116umn,True
t3_k31fw,False
t3_yl88m,False
t3_iypmh,False
t3_ihdnr,False
t3_15jy6m,False
t3_1l0j5d,True
t3_1diu6d,True
t3_1fzhzr,False
t3_iclgj,True
t3_1jzcon,False
t3_l2tb0,False
t3_16xpx8,False
t3_1h6hhv,True
t3_10u7w0,False
t3_vnbuw,False
t3_j0p9a,False
t3_z59mf,True
t3_1lozqp,False
t3_mwzrw,False
t3_iri2m,True
t3_qc8g7,True
t3_mkd95,True
t3_yl0d6,True
t3_1gtjtl,True
t3_1l8cy1,False
t3_k0rt7,False
t3_17bfiq,True
t3_10ha4t,False
t3_ylne2,False
t3_q3bzv,False
t3_100ws2,True
t3_wkix8,True
t3_1cqwsx,False
t3_144op5,True
t3_pmvgu,True
t3_16bg93,False
t3_10a2dc,False
t3_pt1qv,True
t3_1na4hu,False
t3_1lt6br,False
t3_152ods,False
t3_1j96zh,True
t3_ialea,True
t3_1kiib3,False
t3_zj8ln,False
t3_1ku1id,False
t3_yq9dd,False
t3_j1ppy,True
t3_12rcts,False
t3_1005cj,False
t3_v10wr,False
t3_10tzmd,False
t3_1j4sg0,False
t3_13y2ou,False
t3_16c7pm,True
t3_jpyr1,True
t3_ynmkd,False
t3_14wvfb,False
t3_qj5j2,True
t3_ys4zk,False
t3_1imxgn,False
t3_ukrwy,True
t3_1b4spk,False
t3_wpp9o,True
t3_s4jhg,False
t3_i2vq7,False
t3_1miz3n,False
t3_1209kl,False
t3_wh0l4,False
t3_lu96s,False
t3_kcfr0,False
t3_1myvpl,False
t3_1l0lpu,False
t3_z1lre,False
t3_1mu7o8,False
t3_zukcs,True
t3_i6vkd,True
t3_kcldp,True
t3_19dhd6,False
t3_1i7c6y,False
t3_seonb,False
t3_rv4en,False
t3_qrwex,False
t3_1mo5ws,False
t3_ndq9f,True
t3_o0l9h,False
t3_tds8d,True
t3_1jde5v,False
t3_12hb73,False
t3_juemz,False
t3_kh34f,False
t3_khwp6,True
t3_iqumh,True
t3_pszmn,False
t3_1mx366,False
t3_jcm20,False
t3_1bbzet,False
t3_iowa1,False
t3_1h1syy,False
t3_myx8u,True
t3_1g7ny0,False
t3_17tkid,False
t3_11hcyw,False
t3_n6qkh,False
t3_tmn3s,False
t3_11v7q2,False
t3_1cd6yv,False
t3_io0oy,True
t3_1hip5p,False
t3_1gkd2i,False
t3_hvgv7,True
t3_m5a39,False
t3_17sl35,True
t3_utp3h,False
t3_10tv7s,False
t3_1a40n4,False
t3_kj8a0,False
t3_1mgrri,False
t3_1nd11h,True
t3_1ldhfb,False
t3_10mo95,False
t3_sx32l,True
t3_pw2mi,True
t3_o7co1,False
t3_16stuw,False
t3_1ctx4r,False
t3_1adx9s,True
t3_il9ks,False
t3_rp169,True
t3_zatki,True
t3_iknip,True
t3_uhoi3,False
t3_uz6m5,True
t3_127wms,True
t3_16bong,False
t3_uz1hn,True
t3_keq0w,True
t3_y3hef,False
t3_iaoch,True
t3_rf6ne,True
t3_1cjpyc,True
t3_t1rba,False
t3_j5td8,True
t3_mpkb2,True
t3_x8k7r,True
t3_ikw4b,True
t3_1784zg,True
t3_it7o4,True
t3_zv8j4,False
t3_12t1lk,False
t3_vjk10,True
t3_khwh9,False
t3_1b7u1o,False
t3_1l2duz,False
t3_wkwew,True
t3_l1klc,True
t3_1epqt0,False
t3_1mvp23,False
t3_tnfo9,True
t3_ka7al,False
t3_wwl2i,True
t3_inkwj,True
t3_ilt19,True
t3_pgs0h,False
t3_iwfey,False
t3_jqgd5,True
t3_qc5o5,True
t3_soims,False
t3_17s4gm,False
t3_1hq0de,False
t3_jigc8,False
t3_1l2vma,False
t3_14t437,False
t3_19jx8n,False
t3_n420r,False
t3_1czpg7,True
t3_ishzm,True
t3_nx2c3,True
t3_1jx4g7,False
t3_12zak9,False
t3_p7o7p,True
t3_u7588,False
t3_icoi3,True
t3_10p6bh,False
t3_j0ert,True
t3_i5pv9,False
t3_ncw61,True
t3_1a6oez,False
t3_15zae8,False
t3_118p7t,True
t3_p1s5g,False
t3_slvkc,True
t3_1n0mel,False
t3_z9a9f,False
t3_vzxe5,True
t3_103oiv,False
t3_14wzoi,False
t3_1ib7b2,True
t3_llyi4,False
t3_1kxzgl,True
t3_ihdep,True
t3_iui32,False
t3_pwu9g,True
t3_1jd4uk,False
t3_iq6md,False
t3_x7u2w,True
t3_1j6vvd,False
t3_103ub7,True
t3_14a8dq,False
t3_m99m6,True
t3_x7oqf,True
t3_1ce5o7,True
t3_1cvjjv,False
t3_1nbngz,False
t3_1a8xdn,True
t3_16yaml,False
t3_1i8aq1,True
t3_15nht5,True
t3_1glm8v,False
t3_l8c3e,False
t3_qgp7g,False
t3_1bbkjj,True
t3_l7tdm,True
t3_oqfw3,False
t3_vn01f,False
t3_j7spk,True
t3_k6wpu,True
t3_wywms,False
t3_1mzwgv,True
t3_1g30en,False
t3_1lqpgs,False
t3_xlntv,False
t3_1jaeay,True
t3_xwkff,False
t3_qble3,True
t3_vgtvb,False
t3_huun2,False
t3_11iwbh,True
t3_saszu,False
t3_17ziw6,True
t3_nfyao,True
t3_zuqs9,False
t3_1aoyt9,False
t3_i5viy,True
t3_1alsyg,False
t3_1i1vg0,False
t3_ot0gt,True
t3_o32bg,False
t3_1ihs5o,True
t3_n6ike,False
t3_19w1fa,False
t3_1iz7w9,False
t3_15irym,False
t3_recpu,True
t3_1bnjaf,False
t3_mn557,False
t3_1iuxw6,False
t3_1eipbs,True
t3_16gm64,False
t3_z10a2,False
t3_jq2qd,False
t3_yl0mo,False
t3_iburr,True
t3_ijk8n,False
t3_jya89,True
t3_mslxz,True
t3_1nuvzh,False
t3_kkd4w,True
t3_qbp6w,True
t3_1g2qc7,False
t3_10fjy1,False
t3_qzqrr,False
t3_sizfg,False
t3_k6dvb,False
t3_jx8c9,False
t3_1l7szl,False
t3_kal40,True
t3_y80tw,False
t3_q087s,True
t3_wcv08,False
t3_11ybtb,False
t3_jb0sr,False
t3_iqyh1,True
t3_vbvas,False
t3_i77kq,True
t3_kn4tz,True
t3_iql59,True
t3_1jtmxq,False
t3_1g4n79,False
t3_18a5ku,False
t3_1eojga,False
t3_qyoqv,True
t3_j0c1a,True
t3_14yxcw,False
t3_16n6pk,True
t3_vmld7,False
t3_19wz0p,False
t3_wh5io,False
t3_wllf8,False
t3_1j8sle,True
t3_ygzwt,False
t3_sf1tx,False
t3_my2jp,False
t3_1csu44,True
t3_1gzwv3,True
t3_14i071,False
t3_mlvt9,False
t3_16bki5,True
t3_1irwdx,True
t3_o9r7b,False
t3_14ul32,False
t3_1i0eh2,False
t3_mqngj,True
t3_1crdrj,True
t3_x5h3j,True
t3_1kud1g,False
t3_iokob,False
t3_lqc45,False
t3_1nbk5w,False
t3_1dqyg1,False
t3_1lxc6a,False
t3_16up9c,False
t3_ki92d,False
t3_xun5w,False
t3_jp37k,False
t3_iw40l,False
t3_1bnc88,False
t3_nf344,False
t3_if7k2,False
t3_jkyp6,False
t3_1cpe20,True
t3_tq16k,False
t3_1dd5tg,False
t3_16smd3,True
t3_uumxf,True
t3_1ihpy4,False
t3_ip2hr,True
t3_pvcnn,False
t3_16kriw,False
t3_lwy5f,False
t3_wy5o2,False
t3_15995m,False
t3_1g80pd,False
t3_vt5ky,False
t3_kpi24,True
t3_15uhsz,False
t3_wy5zu,True
t3_x3kb1,True
t3_j6rym,False
t3_oseds,True
t3_11u31u,False
t3_r167g,False
t3_1dauom,False
t3_11h6ki,False
t3_y9wpd,False
t3_spamz,False
t3_1ikz3c,False
t3_y60rj,False
t3_vctql,False
t3_k50j9,False
t3_iavvx,True
t3_u97ej,True
t3_zeqka,False
t3_ivcii,True
t3_10u1pr,False
t3_ibqzx,False
t3_k1f2x,False
t3_1e9rou,False
t3_ibp27,False
t3_yfron,True
t3_ity9v,True
t3_16tpsb,False
t3_1iwtmh,False
t3_o8a74,True
t3_lqmfy,False
t3_yabhi,False
t3_1gzjki,False
t3_qlw5i,False
t3_1iwu3k,False
t3_wzgke,False
t3_x60uq,True
t3_1n8ya7,False
t3_1mxh2m,False
t3_nuc18,False
t3_n02dy,True
t3_19jb1z,False
t3_1krrqc,True
t3_xuxaw,False
t3_xoqxy,False
t3_1iu6wt,True
t3_1hbjrr,False
t3_14xerk,False
t3_o4np7,False
t3_j6rve,True
t3_zjzx0,True
t3_wdhwu,False
t3_1ii2m8,False
t3_12jnd7,False
t3_noqvy,False
t3_1nbmq4,True
t3_13bycv,True
t3_1d3knr,False
t3_wogdg,False
t3_11q44h,False
t3_12nzg3,True
t3_17tw9t,False
t3_if2lx,False
t3_1jun2m,False
t3_19cylf,False
t3_jt3rn,False
t3_1ibd5b,True
t3_l7cxz,False
t3_1ci2kn,False
t3_lcdp2,False
t3_1lfolk,True
t3_1j8mbe,False
t3_jx8ma,False
t3_1cu42k,False
t3_kalpb,False
t3_12lehd,True
t3_kskxw,False
t3_1n296f,False
t3_lgsol,False
t3_i82id,True
t3_n5ee3,True
t3_mw6mn,False
t3_1c162l,False
t3_ihvtc,True
t3_154oxy,False
t3_kqiam,True
t3_n5s0d,True
t3_10kx56,True
t3_v1zxp,False
t3_11oca5,False
t3_lhtt9,True
t3_o1sex,True
t3_10opxp,False
t3_11l9tf,False
t3_wad1r,False
t3_11ub4a,False
t3_yrhwg,True
t3_wapmb,False
t3_1azh0f,True
t3_1cyenp,False
t3_m4a4w,True
t3_16ei1j,False
t3_17dp7q,False
t3_1b1yue,True
t3_128jt5,True
t3_xbm38,True
t3_1hplyt,False
t3_yhdcj,False
t3_1h7v40,False
t3_qywp7,True
t3_1mjo0g,False
t3_i2gwx,True
t3_x7px3,False
t3_17crrn,False
t3_15muo0,False
t3_iatwz,True
t3_j55ss,True
t3_1ah59z,False
t3_1hg3ju,False
t3_kfdgh,False
t3_l61uc,False
t3_w6c9t,False
t3_m5gfe,True
t3_1nuw9m,True
t3_rc0s8,False
t3_n04lh,False
t3_ozr08,True
t3_k5v9b,False
t3_z1zks,False
t3_q5yda,False
t3_y3xyz,False
t3_julqz,False
t3_14tned,False
t3_11ppkr,False
t3_1cruvk,True
t3_s3iwq,False
t3_iqvav,False
t3_lzc3o,True
t3_wgfco,False
t3_14tp3u,False
t3_pgnfb,False
t3_jf2ir,False
t3_k4gza,False
t3_10wg2c,False
t3_if7p7,False
t3_m45jf,False
t3_uf051,True
t3_17mn5i,False
t3_17gl52,False
t3_iqvla,False
t3_ldki5,True
t3_1126jt,False
t3_mvsb5,False
t3_n32ze,False
t3_gl7ef,True
t3_iug9n,False
t3_1ewdrb,True
t3_tdu8m,False
t3_k91wr,True
t3_r0h5h,True
t3_ifbw5,True
t3_1n7sx3,False
t3_1b5a4p,False
t3_iamq6,True
t3_o6z29,False
t3_jydqo,False
t3_p3ftt,True
t3_pupzc,True
t3_tn97v,False
t3_vqsnl,False
t3_12cxuc,False
t3_1ktx51,True
t3_tydcg,False
t3_hug18,True
t3_mi7ma,False
t3_l67if,False
t3_1lml71,False
t3_otuha,False
t3_1dfe2n,True
t3_zkui3,False
t3_1mh9w4,False
t3_1jp3f1,False
t3_16gr5b,False
t3_mwd82,False
t3_1jn1j6,True
t3_1ezf35,False
t3_1j4ytk,False
t3_ud0gj,False
t3_1f8knc,True
t3_vgool,False
t3_11b1ti,False
t3_1aoz8s,False
t3_1cr1zd,True
t3_yvma1,False
t3_ifzvz,False
t3_sp26r,True
t3_w5b9g,True
t3_ql4hw,True
t3_v1zdc,True
t3_kxz0h,False
t3_wa7hw,False
t3_lgtm6,False
t3_is4sr,False
t3_19b1c5,False
t3_1iv47z,False
t3_1j04eu,False
t3_1jx10i,True
t3_i5o5g,True
t3_1e920k,False
t3_k70pb,True
t3_xko5d,False
t3_1a3vfl,False
t3_1lxybt,False
t3_ldjhu,False
t3_ldeog,True
t3_pfod3,True
t3_193qwb,False
t3_1950v4,True
t3_lzkhn,True
t3_krl47,False
t3_r67bm,False
t3_zaw9z,False
t3_sxko6,False
t3_p8av3,False
t3_inwm2,False
t3_1ihttr,False
t3_j85dp,False
t3_1ag1v5,True
t3_1lu5yo,False
t3_1fj9p3,False
t3_1nv4ks,False
t3_1mdaak,False
t3_1ctxw7,False
t3_1eevnc,False
t3_1ij15g,False
t3_15isv5,False
t3_1lf3me,False
t3_16d2ly,False
t3_1k1xs4,True
t3_ytvgx,True
t3_1ihggu,True
t3_iyq1i,True
t3_j2vji,True
t3_tf9im,False
t3_15ti56,False
t3_zq14r,False
t3_ix9g0,False
t3_sosun,False
t3_13byqo,False
t3_1cf800,True
t3_135fj1,False
t3_1crefk,False
t3_10cvn1,True
t3_sidd8,False
t3_l4o05,False
t3_1irpp0,False
t3_14tboe,False
t3_14vcsz,False
t3_1ik17v,False
t3_1memn0,False
t3_1icup0,True
t3_lhqi7,False
t3_1ipvwk,False
t3_1dlaly,False
t3_zzuu4,False
t3_19cz7c,False
t3_1k64o2,False
t3_1mjpg0,False
t3_iol8h,True
t3_1isd30,False
t3_lj7oy,True
t3_xnm2p,True
t3_1c3v9m,False
t3_s4svv,True
t3_19jlpy,False
t3_19nhbi,False
t3_1gb1to,True
t3_1c8rmz,False
t3_1igt9f,True
t3_1eqmt5,True
t3_rwaf0,False
t3_1kw2e6,False
t3_1jgelh,False
t3_jcq0o,False
t3_172kz4,False
t3_w56fp,True
t3_my16i,False
t3_k0r9x,False
t3_17sczo,False
t3_14im5p,True
t3_1ih8z4,True
t3_qmmdi,True
t3_qgsgw,False
t3_1gdjus,False
t3_k0vt2,False
t3_1jd94m,False
t3_k4z02,False
t3_lp6lv,False
t3_1agayp,True
t3_1b9o16,False
t3_17q6f5,False
t3_n39i4,False
t3_pey91,False
t3_125l77,False
t3_150p6t,False
t3_1ig7c8,False
t3_1bd8v3,False
t3_in1tc,True
t3_pcmhh,True
t3_ziw36,False
t3_m489r,True
t3_jxuil,True
t3_i7lvc,True
t3_iq3hd,True
t3_y5tl0,False
t3_1mx6dp,False
t3_17la4f,False
t3_i11au,True
t3_naa39,True
t3_k87gg,False
t3_lrud4,False
t3_11k0ch,True
t3_jjtne,False
t3_1o3fi6,False
t3_qwz21,True
t3_if9kv,False
t3_ino69,False
t3_y36b3,False
t3_ljw7y,False
t3_msmlt,False
t3_1c01o8,True
t3_yk3jz,False
t3_jvh01,False
t3_wgsws,False
t3_lq66h,True
t3_15567s,True
t3_1lsr9x,False
t3_1d96q8,False
t3_r1xtu,False
t3_1exwmo,False
t3_k4m4x,False
t3_15e251,False
t3_1ma7rd,False
t3_jgtfw,True
t3_18droz,False
t3_phmbn,True
t3_n6s1i,True
t3_htxnw,True
t3_wkd6l,True
t3_1i8b15,False
t3_17ovhi,False
t3_ngtw8,False
t3_jedff,True
t3_1iv2s8,False
t3_iynyd,True
t3_vi2qo,False
t3_nz2df,True
t3_rkhub,True
t3_jmr1j,True
t3_iwavb,False
t3_iv6eu,False
t3_j6nr5,True
t3_1cniq6,False
t3_q0c6k,True
t3_1mufdh,False
t3_1bw1b9,False
t3_ico94,False
t3_vipop,True
t3_1iwdep,True
t3_1izd63,False
t3_1m9j1d,True
t3_1g5pyx,False
t3_v7tzf,False
t3_jog1v,False
t3_pe8md,False
t3_kxlzo,False
t3_kz2ws,False
t3_1ee1fp,False
t3_khxzm,False
t3_1166u8,False
t3_wj4na,True
t3_11lg2f,False
t3_1iwg9n,False
t3_vjgu4,False
t3_1275dw,False
t3_16w1fs,True
t3_1lxlbw,False
t3_ojw1m,True
t3_1jart1,False
t3_yf6n3,True
t3_1n859f,False
t3_n993g,False
t3_jzi49,False
t3_tv7zq,True
t3_opj7h,False
t3_12jio7,False
t3_1loyn7,False
t3_12c6hf,False
t3_pzish,True
t3_1h05vp,False
t3_110efm,False
t3_xa98e,True
t3_xgrpi,False
t3_1h29mo,True
t3_niode,True
t3_hy49h,True
t3_1eluz0,False
t3_12eoc9,False
t3_1necw3,False
t3_1lw16j,False
t3_ihh90,False
t3_jyepv,True
t3_kqf8k,False
t3_m9h42,False
t3_ikck4,True
t3_vzfp5,True
t3_1mhbok,True
t3_150x3u,False
t3_rdsa5,True
t3_1k175h,False
t3_xu8em,False
t3_w7fjy,False
t3_xnrho,True
t3_1n6wjw,False
t3_15fud8,False
t3_11hnoe,False
t3_jmnl8,False
t3_1kkv09,False
t3_ngvgh,False
t3_jx94c,False
t3_xwxmj,False
t3_iwfd1,False
t3_10hpsk,False
t3_hvwav,True
t3_snqsi,False
t3_icqr9,True
t3_ibz1b,True
t3_iay69,False
t3_11zblm,False
t3_wzkmu,False
t3_1crpj5,False
t3_iczu2,False
t3_wns9p,False
t3_1invu0,False
t3_m2hic,True
t3_vi9dc,False
t3_pimge,True
t3_i7adt,True
t3_15e9dq,True
t3_1czkj9,False
t3_1btf55,False
t3_yifuj,False
t3_zh4v4,False
t3_paght,False
t3_1bmaeo,True
t3_1mnkgu,False
t3_1hdqo9,True
t3_12lbis,False
t3_1hcumf,False
t3_11s3p3,False
t3_1dkhn2,False
t3_onxcv,False
t3_1g5q8a,True
t3_16lcq8,False
t3_17gi30,True
t3_ibs5y,False
t3_1cs2px,False
t3_v4w93,False
t3_1n1axt,False
t3_ihko3,True
t3_1896rw,False
t3_125i9k,True
t3_ww56x,False
t3_uj7th,False
t3_xsnoi,True
t3_jyi06,True
t3_yxnzv,False
t3_l4640,True
t3_1dnss4,False
t3_1359u2,False
t3_s4r05,False
t3_j16ec,False
t3_zpi3v,False
t3_pyewj,False
t3_ychfj,False
t3_l4pgj,True
t3_1llkaa,False
t3_wj3qa,False
t3_zy61w,False
t3_1dize8,True
t3_1f7t8i,False
t3_1lerlv,False
t3_1meieg,False
t3_156xcj,False
t3_j8iuv,False
t3_irgvc,False
t3_qyedt,False
t3_u95c6,False
t3_1e97au,True
t3_wp8uc,False
t3_sst1u,False
t3_1c63lb,False
t3_o85l6,False
t3_idivc,False
t3_k45dt,True
t3_19ywdh,False
t3_kf0cy,True
t3_137zgp,False
t3_1gx8mx,True
t3_tvndu,False
t3_zsgtc,True
t3_l4n9w,True
t3_mjeye,False
t3_mz1mg,False
t3_jgbs9,True
t3_1gnaod,False
t3_hrz9i,True
t3_1me64e,False
t3_idq7h,False
t3_ys5ol,True
t3_1lezr3,False
t3_lnwd6,True
t3_zwbh8,False
t3_1ctkfz,False
t3_1kn4ge,False
t3_1l10qa,True
t3_177ayp,True
t3_jijg7,True
t3_16vnjz,True
t3_1nbk1o,False
t3_vem93,True
t3_o6e99,False
t3_jahvc,False
t3_k62zb,True
t3_1n351g,False
t3_11tjwv,True
t3_14ux4w,False
t3_ijhc3,True
t3_1j6f3u,False
t3_w21z2,True
t3_j82a6,False
t3_pm783,True
t3_v3r93,False
t3_1jimga,True
t3_idti4,True
t3_mjkln,False
t3_y2ne5,True
t3_xry1e,True
t3_qceuc,True
t3_16noen,False
t3_1ee39k,True
t3_1eq5xl,False
t3_mrkl3,False
t3_ojet5,False
t3_v0ki0,False
t3_jq47k,False
t3_1fqoyo,False
t3_vbb3v,False
t3_1k62l3,False
t3_12p4pv,False
t3_i37e6,True
t3_if7vp,True
t3_kvy1i,False
t3_xd0ls,False
t3_rirnq,False
t3_mco6n,False
t3_13tugz,False
t3_k0ilx,True
t3_ibat9,False
t3_m42qj,True
t3_1cucx0,False
t3_zjfck,False
t3_1iv5aj,False
t3_u7z81,True
t3_ke8v1,False
t3_t6s95,False
t3_w3y90,True
t3_vvs2c,False
t3_hupa5,True
t3_zf126,False
t3_v18x3,True
t3_my9b0,True
t3_10kngj,False
t3_is415,False
t3_io8w1,True
t3_jatqy,True
t3_yz9sf,False
t3_k4z3q,False
t3_1bird0,False
t3_1cjq75,True
t3_1cle36,False
t3_1cgw6n,False
t3_yvb02,False
t3_jzmij,False
t3_iii4u,True
t3_jmyq9,False
t3_kr3gt,False
t3_w8rkv,False
t3_12x5q1,False
t3_jshkp,False
t3_1o9hi0,False
t3_u64m1,False
t3_1cylzs,False
t3_icou8,False
t3_jvh8u,False
t3_rzjzd,False
t3_mxzhx,True
t3_vwclz,False
t3_wxsh1,False
t3_k3ki7,True
t3_j6283,False
t3_mxya9,False
t3_1aduwk,True
t3_ot2tt,True
t3_1lvsn9,False
t3_1cysab,True
t3_nhqn0,True
t3_1109ba,False
t3_11sa5p,False
t3_16wls1,False
t3_1i8cqz,False
t3_wwkkm,False
t3_110gio,False
t3_inmlb,True
t3_k3ocx,True
t3_1hz09s,False
t3_1mzio9,False
t3_lb1w0,True
t3_1crwei,False
t3_q5961,False
t3_lxx3z,True
t3_16appe,False
t3_1adg49,False
t3_iyk1y,True
t3_1iw0gf,True
t3_x1o1v,False
t3_1m23pg,False
t3_yintm,False
t3_ts9p3,True
t3_z9ck0,False
t3_th40x,False
t3_icon7,False
t3_t0mtn,True
t3_juayz,True
t3_mzfsp,False
t3_14exjy,False
t3_1c7725,False
t3_1ifyzz,False
t3_i96f9,False
t3_kbmyh,True
t3_170pqr,False
t3_sqwpp,True
t3_1553el,False
t3_ikbu8,True
t3_y6aab,False
t3_1fxma9,False
t3_18gj1h,False
t3_o0jew,False
t3_1jpkbf,False
t3_idu38,True
t3_lhjci,False
t3_1d3hd7,False
t3_150b65,False
t3_rjp1j,False
t3_k30r3,True
t3_1hav4d,False
t3_1a5ixr,True
t3_pxd37,False
t3_1djtso,True
t3_14ezoh,True
t3_12obj5,True
t3_nqwjm,True
t3_oifsx,False
t3_1f45sh,False
t3_1fr5bm,False
t3_r7odh,True
t3_1kmou4,False
t3_17pzg4,True
t3_i0miz,True
t3_il0s0,True
t3_1l5uzx,False
t3_1evpom,False
t3_idy6k,False
t3_sshis,False
t3_1blxrm,True
t3_1esd91,False
t3_vai9m,True
t3_ne3jr,False
t3_1nm9os,False
t3_ledhr,True
t3_pw02q,False
t3_irgbj,True
t3_xd9hv,True
t3_icu7p,False
t3_1d8yob,False
t3_l4xry,True
t3_112jsu,False
t3_kly75,True
t3_ifrfv,True
t3_x8mp3,False
t3_x2qzw,False
t3_13u1al,False
t3_xnwf2,False
t3_xf1p9,True
t3_jjz0j,False
t3_k08dr,True
t3_1af9hg,False
t3_tl8gg,True
t3_qdtn7,False
t3_ubnwm,True
t3_s14x9,True
t3_157g5c,False
t3_y9nfg,False
t3_tfqnk,False
t3_1lxsiq,False
t3_r1boq,False
t3_14ihpw,False
t3_12124d,False
t3_10o1th,False
t3_1blyk4,False
t3_jxj0w,False
t3_12vddw,False
t3_1kow8l,True
t3_llfug,True
t3_1fqagd,False
t3_pfs19,False
t3_185q0b,True
t3_th6m0,False
t3_1ma6le,False
t3_k0q1w,True
t3_15xp2y,False
t3_vpe62,False
t3_12gbgy,True
t3_jtsb9,False
t3_wly8k,False
t3_j2k0d,True
t3_1j4tf5,False
t3_yfjn0,False
t3_1cot73,True
t3_n81pv,False
t3_ijnhm,False
t3_1493gl,False
t3_1i4pcy,True
t3_n5o88,False
t3_mrgd3,True
t3_1fqv6l,False
t3_mscj8,False
t3_tiyor,False
t3_l4rl8,True
t3_1e2v32,False
t3_r7sgr,False
t3_t0krh,True
t3_iregv,False
t3_ndcvq,True
t3_w3ldb,False
t3_q3io5,True
t3_smcni,True
t3_zzsho,False
t3_pr3p3,False
t3_1hluyc,False
t3_k025c,True
t3_1go8c1,False
t3_ihhbr,False
t3_1ckfzz,False
t3_1l7ksf,False
t3_vawcb,False
t3_mody8,True
t3_1foy3z,False
t3_qzu4g,True
t3_lmb89,True
t3_1m53fu,False
t3_10cy64,False
t3_m7m7l,False
t3_1lfrlc,False
t3_iihye,False
t3_xn5hp,False
t3_ro9ud,False
t3_kx1pn,True
t3_1cn0h3,True
t3_zq12j,False
t3_1br2hm,True
t3_knttk,True
t3_11wza2,False
t3_iwbsf,False
t3_nys7g,True
t3_17pmtu,False
